model,mae,rmse,mape
XGBoost,1.8468029250085882,2.2574864961091903,49.42438675532895
Weighted Ensemble,2.0238031869484447,2.545272342824568,67.40679210495263
Naive Baseline,2.2123893805309733,2.831030645060971,35.77157127533164
Prophet,2.493060712924326,3.252117112771874,99.55222533342332
"ARIMA(2,0,2)",4.13158063248876,5.008255895974853,148.38943085501683
