model,weight
Naive Baseline,0.27617764026586117
"ARIMA(2,0,2)",0.14788831026546762
XGBoost,0.33084877124149736
Prophet,0.24508527822717377
